Dataset Category,Model,Top-5 Accuracy,Accuracy,MCC,F1 Score,Precision,Recall
IO,DecisionTree,0.596100790877322,0.5773404450983999,0.5748040304899835,0.5781257538433302,0.5866676514125622,0.5773404450983999
IO,KNN,0.7577708295015634,0.4741585433143278,0.4711059147656525,0.46926965970170204,0.48426178995543606,0.4741585433143278
IO,NaiveBayes,0.7356998344675373,0.3794371896266323,0.3767974011693383,0.3266520556585388,0.35940058069416086,0.3794371896266323
